dataset,retriever,attack_seed,gate_position,ASR_no_gate,ASR_gate,ASR-Drop,TPR,FPR_clean,FPR_poisoned_clean_chunks,Clean_EM_no_gate,Clean_EM_gate,Clean EM Drop,Clean_F1_no_gate,Clean_F1_gate,Utility Drop,PoisonPresence@5,PoisonFraction@5,TargetPoisonPresence@5,TargetPoisonFraction@5,Latency
nq,bm25,13,P_ret,0.38333333333333336,0.3433333333333333,0.040000000000000036,0.1291155584247902,0.04426666666666667,0.046241915099249124,0.0,0.0,0.0,0.15141955042367197,0.13788089388298308,0.013538656540688893,0.5833333333333334,0.4779999999999998,0.5833333333333334,0.4779999999999998,1.0218533333333335
nq,bm25,13,P_gen,0.38333333333333336,0.3433333333333333,0.040000000000000036,0.17301038062283736,0.08925318761384335,0.1,0.0,0.0,0.0,0.15141955042367197,0.13788089388298308,0.013538656540688893,0.5833333333333334,0.4779999999999998,0.5833333333333334,0.4779999999999998,1.0129333333333332
nq,bm25,42,P_ret,0.44,0.4066666666666667,0.033333333333333326,0.10974822466107166,0.04426666666666667,0.046241915099249124,0.0,0.0,0.0,0.15141955042367197,0.13788089388298308,0.013538656540688893,0.63,0.5300000000000004,0.63,0.5300000000000004,0.97355
nq,bm25,42,P_gen,0.44,0.4066666666666667,0.033333333333333326,0.14054054054054055,0.08925318761384335,0.10076530612244898,0.0,0.0,0.0,0.15141955042367197,0.13788089388298308,0.013538656540688893,0.63,0.5300000000000004,0.63,0.5300000000000004,0.9754
nq,bm25,2026,P_ret,0.43333333333333335,0.38333333333333336,0.04999999999999999,0.11326860841423948,0.04426666666666667,0.0462281679672984,0.0,0.0,0.0,0.15141955042367197,0.13788089388298308,0.013538656540688893,0.59,0.48933333333333306,0.59,0.48933333333333306,1.0388
nq,bm25,2026,P_gen,0.43333333333333335,0.38333333333333336,0.04999999999999999,0.16496018202502843,0.08925318761384335,0.10618436406067679,0.0,0.0,0.0,0.15141955042367197,0.13788089388298308,0.013538656540688893,0.59,0.48933333333333306,0.59,0.48933333333333306,1.0406833333333332
nq,bge_dense,13,P_ret,0.26666666666666666,0.24666666666666667,0.01999999999999999,0.12837837837837837,0.05046666666666667,0.051997041420118344,0.0,0.0,0.0,0.1449564740117241,0.1320112000779353,0.012945273933788803,0.3466666666666667,0.26799999999999996,0.3466666666666667,0.26799999999999996,0.8432933333333333
nq,bge_dense,13,P_gen,0.26666666666666666,0.24666666666666667,0.01999999999999999,0.199203187250996,0.09200968523002422,0.0962962962962963,0.0,0.0,0.0,0.1449564740117241,0.1320112000779353,0.012945273933788803,0.3466666666666667,0.26799999999999996,0.3466666666666667,0.26799999999999996,0.8396666666666666
nq,bge_dense,42,P_ret,0.31666666666666665,0.28,0.036666666666666625,0.12178619756427606,0.05046666666666667,0.05198935068776808,0.0,0.0,0.0,0.1449564740117241,0.1320112000779353,0.012945273933788803,0.4,0.3126666666666666,0.4,0.3126666666666666,0.8505699999999999
nq,bge_dense,42,P_gen,0.31666666666666665,0.28,0.036666666666666625,0.21043771043771045,0.09200968523002422,0.09482001755926252,0.0,0.0,0.0,0.1449564740117241,0.1320112000779353,0.012945273933788803,0.4,0.3126666666666666,0.4,0.3126666666666666,0.85015
nq,bge_dense,2026,P_ret,0.30333333333333334,0.26,0.043333333333333335,0.10702341137123746,0.05046666666666667,0.05212884116993706,0.0,0.0,0.0,0.1449564740117241,0.1320112000779353,0.012945273933788803,0.37,0.28200000000000003,0.37,0.28200000000000003,0.86452
nq,bge_dense,2026,P_gen,0.30333333333333334,0.26,0.043333333333333335,0.19886363636363635,0.09200968523002422,0.10473815461346633,0.0,0.0,0.0,0.1449564740117241,0.1320112000779353,0.012945273933788803,0.37,0.28200000000000003,0.37,0.28200000000000003,0.8710066666666667
hotpotqa,bm25,13,P_ret,0.4666666666666667,0.006666666666666667,0.46,0.7048872180451128,0.0478,0.05368241143567433,0.02,0.01,0.01,0.14602016492954206,0.09446483427336859,0.05155533065617347,0.04666666666666667,0.029333333333333336,0.0,0.0,0.8592233333333333
hotpotqa,bm25,13,P_gen,0.4666666666666667,0.006666666666666667,0.46,0.9713168187744459,0.19700214132762311,0.20087815587266739,0.02,0.01,0.01,0.14602016492954206,0.09446483427336859,0.05155533065617347,0.04666666666666667,0.029333333333333336,0.0,0.0,0.8654233333333333
hotpotqa,bm25,42,P_ret,0.4633333333333333,0.0033333333333333335,0.45999999999999996,0.702576112412178,0.0478,0.053556160124368445,0.02,0.01,0.01,0.14602016492954206,0.09446483427336859,0.05155533065617347,0.043333333333333335,0.03,0.0,0.0,0.87044
hotpotqa,bm25,42,P_gen,0.4633333333333333,0.0033333333333333335,0.45999999999999996,0.970873786407767,0.19700214132762311,0.20054945054945056,0.02,0.01,0.01,0.14602016492954206,0.09446483427336859,0.05155533065617347,0.043333333333333335,0.03,0.0,0.0,0.8723866666666666
hotpotqa,bm25,2026,P_ret,0.48,0.0,0.48,0.6843065693430657,0.0478,0.05363835103060587,0.02,0.01,0.01,0.14602016492954206,0.09446483427336859,0.05155533065617347,0.056666666666666664,0.03733333333333333,0.0,0.0,0.8518366666666666
hotpotqa,bm25,2026,P_gen,0.48,0.0,0.48,0.9638942617666022,0.19700214132762311,0.2017689331122167,0.02,0.01,0.01,0.14602016492954206,0.09446483427336859,0.05155533065617347,0.056666666666666664,0.03733333333333333,0.0,0.0,0.85834
hotpotqa,bge_dense,13,P_ret,0.45666666666666667,0.013333333333333334,0.44333333333333336,0.848729792147806,0.05146666666666667,0.05690382876092855,0.016666666666666666,0.0033333333333333335,0.013333333333333332,0.13987973882504648,0.07961575140744886,0.060263987417597614,0.03333333333333333,0.024666666666666667,0.02,0.014,0.81969
hotpotqa,bge_dense,13,P_gen,0.45666666666666667,0.013333333333333334,0.44333333333333336,0.9748641304347826,0.22918807810894143,0.23443223443223443,0.016666666666666666,0.0033333333333333335,0.013333333333333332,0.13987973882504648,0.07961575140744886,0.060263987417597614,0.03333333333333333,0.024666666666666667,0.02,0.014,0.81734
hotpotqa,bge_dense,42,P_ret,0.46,0.013333333333333334,0.4466666666666667,0.8300170551449687,0.05146666666666667,0.057095385544898423,0.016666666666666666,0.0033333333333333335,0.013333333333333332,0.13987973882504648,0.07961575140744886,0.060263987417597614,0.04,0.03,0.02666666666666667,0.020666666666666663,0.8245466666666666
hotpotqa,bge_dense,42,P_gen,0.46,0.013333333333333334,0.4466666666666667,0.9696969696969697,0.22918807810894143,0.23622047244094488,0.016666666666666666,0.0033333333333333335,0.013333333333333332,0.13987973882504648,0.07961575140744886,0.060263987417597614,0.04,0.03,0.02666666666666667,0.020666666666666663,0.83506
hotpotqa,bge_dense,2026,P_ret,0.48,0.016666666666666666,0.4633333333333333,0.8290451686678102,0.05146666666666667,0.0568258999320806,0.016666666666666666,0.0033333333333333335,0.013333333333333332,0.13987973882504648,0.07961575140744886,0.060263987417597614,0.05333333333333334,0.042,0.03333333333333333,0.028,0.8125699999999999
hotpotqa,bge_dense,2026,P_gen,0.48,0.016666666666666666,0.4633333333333333,0.9579439252336449,0.22918807810894143,0.23563829787234042,0.016666666666666666,0.0033333333333333335,0.013333333333333332,0.13987973882504648,0.07961575140744886,0.060263987417597614,0.05333333333333334,0.042,0.03333333333333333,0.028,0.8251766666666667
