comparison,dataset,retriever,seed,gate_position,metric,unit,n,mean,std,ci_low,ci_high,ci_crosses_zero,ci_interpretation,support,recommended_placement,claim_wording_guardrail
simplified_minus_multistage_no_gate_ASR,nq,bm25,13,both,ASR_difference,query_paired,300,0.20666666666666667,0.437332544796309,0.15666666666666668,0.25666666666666665,false,observed_interval_excludes_zero,query_level_paired_bootstrap,main_text,descriptive paired-bootstrap CI; do not write statistical significance
simplified_minus_multistage_no_gate_ASR,nq,bm25,42,both,ASR_difference,query_paired,300,0.19,0.4096250018498239,0.14333333333333334,0.23666666666666666,false,observed_interval_excludes_zero,query_level_paired_bootstrap,main_text,descriptive paired-bootstrap CI; do not write statistical significance
simplified_minus_multistage_no_gate_ASR,nq,bm25,2026,both,ASR_difference,query_paired,300,0.14666666666666667,0.42318535146497843,0.1,0.19333333333333333,false,observed_interval_excludes_zero,query_level_paired_bootstrap,main_text,descriptive paired-bootstrap CI; do not write statistical significance
simplified_minus_multistage_no_gate_ASR,nq,bge_dense,13,both,ASR_difference,query_paired,300,0.11,0.4224866663903039,0.06333333333333334,0.15666666666666668,false,observed_interval_excludes_zero,query_level_paired_bootstrap,main_text,descriptive paired-bootstrap CI; do not write statistical significance
simplified_minus_multistage_no_gate_ASR,nq,bge_dense,42,both,ASR_difference,query_paired,300,0.11333333333333333,0.42554968059880866,0.06666666666666667,0.16333333333333333,false,observed_interval_excludes_zero,query_level_paired_bootstrap,main_text,descriptive paired-bootstrap CI; do not write statistical significance
simplified_minus_multistage_no_gate_ASR,nq,bge_dense,2026,both,ASR_difference,query_paired,300,0.11,0.43803300069629075,0.06333333333333334,0.16,false,observed_interval_excludes_zero,query_level_paired_bootstrap,main_text,descriptive paired-bootstrap CI; do not write statistical significance
simplified_minus_multistage_no_gate_ASR,hotpotqa,bm25,13,both,ASR_difference,query_paired,300,0.16333333333333333,0.4366054319783469,0.11333333333333333,0.21,false,observed_interval_excludes_zero,query_level_paired_bootstrap,main_text,descriptive paired-bootstrap CI; do not write statistical significance
simplified_minus_multistage_no_gate_ASR,hotpotqa,bm25,42,both,ASR_difference,query_paired,300,0.16,0.4340059953657068,0.11333333333333333,0.20666666666666667,false,observed_interval_excludes_zero,query_level_paired_bootstrap,main_text,descriptive paired-bootstrap CI; do not write statistical significance
simplified_minus_multistage_no_gate_ASR,hotpotqa,bm25,2026,both,ASR_difference,query_paired,300,0.14333333333333334,0.4123376002064761,0.1,0.19,false,observed_interval_excludes_zero,query_level_paired_bootstrap,main_text,descriptive paired-bootstrap CI; do not write statistical significance
simplified_minus_multistage_no_gate_ASR,hotpotqa,bge_dense,13,both,ASR_difference,query_paired,300,0.03333333333333333,0.40756502924781807,-0.013333333333333334,0.08,true,direction_uncertain,query_level_paired_bootstrap,main_text,descriptive paired-bootstrap CI; do not write statistical significance
simplified_minus_multistage_no_gate_ASR,hotpotqa,bge_dense,42,both,ASR_difference,query_paired,300,0.03666666666666667,0.39476789957815306,-0.01,0.08333333333333333,true,direction_uncertain,query_level_paired_bootstrap,main_text,descriptive paired-bootstrap CI; do not write statistical significance
simplified_minus_multistage_no_gate_ASR,hotpotqa,bge_dense,2026,both,ASR_difference,query_paired,300,-0.0033333333333333335,0.35175939379919263,-0.043333333333333335,0.03666666666666667,true,direction_uncertain,query_level_paired_bootstrap,main_text,descriptive paired-bootstrap CI; do not write statistical significance
P_ret_minus_P_gen,nq,bm25,13,both,asr_drop,query_paired,300,0.0,0.0,0.0,0.0,true,direction_uncertain,query_level_paired_bootstrap,main_text,descriptive paired-bootstrap CI; do not write statistical significance
P_ret_minus_P_gen,nq,bm25,13,both,utility_drop,query_paired,300,0.0,0.0,0.0,0.0,true,direction_uncertain,query_level_paired_bootstrap,main_text,descriptive paired-bootstrap CI; do not write statistical significance
P_ret_minus_P_gen,nq,bm25,13,both,TPR,query_clustered_chunk_rate,205,0.0,0.0,0.0,0.0,true,direction_uncertain,"paired query-cluster bootstrap; TPR uses poisoned chunks, FPR uses clean chunks; denominators differ by gate position",main_text,descriptive paired-bootstrap CI; do not write statistical significance
P_ret_minus_P_gen,nq,bm25,13,both,FPR,query_clustered_chunk_rate,300,-0.024608393458393496,0.08869260763797768,-0.034740809884559916,-0.014436903559403559,false,observed_interval_excludes_zero,"paired query-cluster bootstrap; TPR uses poisoned chunks, FPR uses clean chunks; denominators differ by gate position",main_text,descriptive paired-bootstrap CI; do not write statistical significance
multi_signal_minus_single_signal,nq,bm25,13,P_ret,asr_drop,query_paired,300,-0.3433333333333333,0.4756149572016584,-0.39666666666666667,-0.2899166666666671,false,observed_interval_excludes_zero,query_level_paired_bootstrap; P_ret,supplement_or_ablation_table,descriptive paired-bootstrap CI; do not write statistical significance
multi_signal_minus_single_signal,nq,bm25,13,P_ret,utility_drop,query_paired,300,0.0033872844927871956,0.08820142092476542,-0.006440134156028153,0.0134342803889557,true,direction_uncertain,query_level_paired_bootstrap; P_ret,supplement_or_ablation_table,descriptive paired-bootstrap CI; do not write statistical significance
multi_signal_minus_single_signal,nq,bm25,13,P_gen,asr_drop,query_paired,300,-0.3433333333333333,0.4756149572016584,-0.39666666666666667,-0.2899166666666671,false,observed_interval_excludes_zero,query_level_paired_bootstrap; P_gen,supplement_or_ablation_table,descriptive paired-bootstrap CI; do not write statistical significance
multi_signal_minus_single_signal,nq,bm25,13,P_gen,utility_drop,query_paired,300,0.0033872844927871956,0.08820142092476542,-0.006440134156028153,0.0134342803889557,true,direction_uncertain,query_level_paired_bootstrap; P_gen,supplement_or_ablation_table,descriptive paired-bootstrap CI; do not write statistical significance
multi_signal_minus_random_matched_block,nq,bm25,13,P_ret,asr_drop,query_paired,300,0.04,0.2804678365835547,0.01,0.07333333333333333,false,observed_interval_excludes_zero,query_level_paired_bootstrap; P_ret,supplement_or_ablation_table,descriptive paired-bootstrap CI; do not write statistical significance
multi_signal_minus_random_matched_block,nq,bm25,13,P_ret,utility_drop,query_paired,300,0.009942794846220888,0.08010568714032903,0.0012797556355220575,0.019462729273009016,false,observed_interval_excludes_zero,query_level_paired_bootstrap; P_ret,supplement_or_ablation_table,descriptive paired-bootstrap CI; do not write statistical significance
multi_signal_minus_random_matched_block,nq,bm25,13,P_gen,asr_drop,query_paired,300,0.03333333333333333,0.2564659917128189,0.0033333333333333335,0.06,false,observed_interval_excludes_zero,query_level_paired_bootstrap; P_gen,supplement_or_ablation_table,descriptive paired-bootstrap CI; do not write statistical significance
multi_signal_minus_random_matched_block,nq,bm25,13,P_gen,utility_drop,query_paired,300,0.009633561708721521,0.06073198558597415,0.003452089418007878,0.016886036950425745,false,observed_interval_excludes_zero,query_level_paired_bootstrap; P_gen,supplement_or_ablation_table,descriptive paired-bootstrap CI; do not write statistical significance
P_ret_minus_P_gen,nq,bm25,42,both,asr_drop,query_paired,300,0.0,0.0,0.0,0.0,true,direction_uncertain,query_level_paired_bootstrap,main_text,descriptive paired-bootstrap CI; do not write statistical significance
P_ret_minus_P_gen,nq,bm25,42,both,utility_drop,query_paired,300,0.0,0.0,0.0,0.0,true,direction_uncertain,query_level_paired_bootstrap,main_text,descriptive paired-bootstrap CI; do not write statistical significance
P_ret_minus_P_gen,nq,bm25,42,both,TPR,query_clustered_chunk_rate,215,0.0,0.0,0.0,0.0,true,direction_uncertain,"paired query-cluster bootstrap; TPR uses poisoned chunks, FPR uses clean chunks; denominators differ by gate position",main_text,descriptive paired-bootstrap CI; do not write statistical significance
P_ret_minus_P_gen,nq,bm25,42,both,FPR,query_clustered_chunk_rate,300,-0.024608393458393496,0.08869260763797768,-0.03445061447811452,-0.014765357142857115,false,observed_interval_excludes_zero,"paired query-cluster bootstrap; TPR uses poisoned chunks, FPR uses clean chunks; denominators differ by gate position",main_text,descriptive paired-bootstrap CI; do not write statistical significance
multi_signal_minus_single_signal,nq,bm25,42,P_ret,asr_drop,query_paired,300,-0.4066666666666667,0.49203239236797547,-0.4633333333333333,-0.3566666666666667,false,observed_interval_excludes_zero,query_level_paired_bootstrap; P_ret,supplement_or_ablation_table,descriptive paired-bootstrap CI; do not write statistical significance
multi_signal_minus_single_signal,nq,bm25,42,P_ret,utility_drop,query_paired,300,0.0033872844927871956,0.08820142092476542,-0.006163043512058593,0.013612059946048171,true,direction_uncertain,query_level_paired_bootstrap; P_ret,supplement_or_ablation_table,descriptive paired-bootstrap CI; do not write statistical significance
multi_signal_minus_single_signal,nq,bm25,42,P_gen,asr_drop,query_paired,300,-0.4066666666666667,0.49203239236797547,-0.4633333333333333,-0.3566666666666667,false,observed_interval_excludes_zero,query_level_paired_bootstrap; P_gen,supplement_or_ablation_table,descriptive paired-bootstrap CI; do not write statistical significance
multi_signal_minus_single_signal,nq,bm25,42,P_gen,utility_drop,query_paired,300,0.0033872844927871956,0.08820142092476542,-0.006163043512058593,0.013612059946048171,true,direction_uncertain,query_level_paired_bootstrap; P_gen,supplement_or_ablation_table,descriptive paired-bootstrap CI; do not write statistical significance
multi_signal_minus_random_matched_block,nq,bm25,42,P_ret,asr_drop,query_paired,300,0.013333333333333334,0.3164744473227653,-0.023333333333333334,0.05,true,direction_uncertain,query_level_paired_bootstrap; P_ret,supplement_or_ablation_table,descriptive paired-bootstrap CI; do not write statistical significance
multi_signal_minus_random_matched_block,nq,bm25,42,P_ret,utility_drop,query_paired,300,0.01030563690489632,0.07914547795203218,0.0017072294594293982,0.019197038337992023,false,observed_interval_excludes_zero,query_level_paired_bootstrap; P_ret,supplement_or_ablation_table,descriptive paired-bootstrap CI; do not write statistical significance
multi_signal_minus_random_matched_block,nq,bm25,42,P_gen,asr_drop,query_paired,300,0.02666666666666667,0.24389993744808441,0.0,0.05333333333333334,true,direction_uncertain,query_level_paired_bootstrap; P_gen,supplement_or_ablation_table,descriptive paired-bootstrap CI; do not write statistical significance
multi_signal_minus_random_matched_block,nq,bm25,42,P_gen,utility_drop,query_paired,300,0.00738465964780627,0.074598803067246,-0.0006162787032679019,0.01599861618487835,true,direction_uncertain,query_level_paired_bootstrap; P_gen,supplement_or_ablation_table,descriptive paired-bootstrap CI; do not write statistical significance
P_ret_minus_P_gen,nq,bm25,2026,both,asr_drop,query_paired,300,0.0,0.0,0.0,0.0,true,direction_uncertain,query_level_paired_bootstrap,main_text,descriptive paired-bootstrap CI; do not write statistical significance
P_ret_minus_P_gen,nq,bm25,2026,both,utility_drop,query_paired,300,0.0,0.0,0.0,0.0,true,direction_uncertain,query_level_paired_bootstrap,main_text,descriptive paired-bootstrap CI; do not write statistical significance
P_ret_minus_P_gen,nq,bm25,2026,both,TPR,query_clustered_chunk_rate,206,0.0,0.0,0.0,0.0,true,direction_uncertain,"paired query-cluster bootstrap; TPR uses poisoned chunks, FPR uses clean chunks; denominators differ by gate position",main_text,descriptive paired-bootstrap CI; do not write statistical significance
P_ret_minus_P_gen,nq,bm25,2026,both,FPR,query_clustered_chunk_rate,300,-0.024608393458393496,0.08869260763797768,-0.034730566979317035,-0.014624062049062057,false,observed_interval_excludes_zero,"paired query-cluster bootstrap; TPR uses poisoned chunks, FPR uses clean chunks; denominators differ by gate position",main_text,descriptive paired-bootstrap CI; do not write statistical significance
multi_signal_minus_single_signal,nq,bm25,2026,P_ret,asr_drop,query_paired,300,-0.38333333333333336,0.48701076700570717,-0.44,-0.3333333333333333,false,observed_interval_excludes_zero,query_level_paired_bootstrap; P_ret,supplement_or_ablation_table,descriptive paired-bootstrap CI; do not write statistical significance
multi_signal_minus_single_signal,nq,bm25,2026,P_ret,utility_drop,query_paired,300,0.0033872844927871956,0.08820142092476542,-0.005739872066033194,0.013582528999450326,true,direction_uncertain,query_level_paired_bootstrap; P_ret,supplement_or_ablation_table,descriptive paired-bootstrap CI; do not write statistical significance
multi_signal_minus_single_signal,nq,bm25,2026,P_gen,asr_drop,query_paired,300,-0.38333333333333336,0.48701076700570717,-0.44,-0.3333333333333333,false,observed_interval_excludes_zero,query_level_paired_bootstrap; P_gen,supplement_or_ablation_table,descriptive paired-bootstrap CI; do not write statistical significance
multi_signal_minus_single_signal,nq,bm25,2026,P_gen,utility_drop,query_paired,300,0.0033872844927871956,0.08820142092476542,-0.005739872066033194,0.013582528999450326,true,direction_uncertain,query_level_paired_bootstrap; P_gen,supplement_or_ablation_table,descriptive paired-bootstrap CI; do not write statistical significance
multi_signal_minus_random_matched_block,nq,bm25,2026,P_ret,asr_drop,query_paired,300,0.023333333333333334,0.3105538620373444,-0.013333333333333334,0.056666666666666664,true,direction_uncertain,query_level_paired_bootstrap; P_ret,supplement_or_ablation_table,descriptive paired-bootstrap CI; do not write statistical significance
multi_signal_minus_random_matched_block,nq,bm25,2026,P_ret,utility_drop,query_paired,300,0.005020025895914544,0.08100198961934515,-0.004349016916779837,0.014656670323923525,true,direction_uncertain,query_level_paired_bootstrap; P_ret,supplement_or_ablation_table,descriptive paired-bootstrap CI; do not write statistical significance
multi_signal_minus_random_matched_block,nq,bm25,2026,P_gen,asr_drop,query_paired,300,0.03666666666666667,0.27490750446089796,0.006666666666666667,0.07,false,observed_interval_excludes_zero,query_level_paired_bootstrap; P_gen,supplement_or_ablation_table,descriptive paired-bootstrap CI; do not write statistical significance
multi_signal_minus_random_matched_block,nq,bm25,2026,P_gen,utility_drop,query_paired,300,0.006876290643279299,0.07173082914813245,-0.0009253588657813569,0.015282158540360398,true,direction_uncertain,query_level_paired_bootstrap; P_gen,supplement_or_ablation_table,descriptive paired-bootstrap CI; do not write statistical significance
P_ret_minus_P_gen,nq,bge_dense,13,both,asr_drop,query_paired,300,0.0,0.0,0.0,0.0,true,direction_uncertain,query_level_paired_bootstrap,main_text,descriptive paired-bootstrap CI; do not write statistical significance
P_ret_minus_P_gen,nq,bge_dense,13,both,utility_drop,query_paired,300,0.0,0.0,0.0,0.0,true,direction_uncertain,query_level_paired_bootstrap,main_text,descriptive paired-bootstrap CI; do not write statistical significance
P_ret_minus_P_gen,nq,bge_dense,13,both,TPR,query_clustered_chunk_rate,124,-0.005376344086021506,0.05986843400892498,-0.016129032258064516,0.0,true,direction_uncertain,"paired query-cluster bootstrap; TPR uses poisoned chunks, FPR uses clean chunks; denominators differ by gate position",main_text,descriptive paired-bootstrap CI; do not write statistical significance
P_ret_minus_P_gen,nq,bge_dense,13,both,FPR,query_clustered_chunk_rate,300,-0.018911640211640237,0.09899336221029606,-0.03080089285714286,-0.007716521164021148,false,observed_interval_excludes_zero,"paired query-cluster bootstrap; TPR uses poisoned chunks, FPR uses clean chunks; denominators differ by gate position",main_text,descriptive paired-bootstrap CI; do not write statistical significance
multi_signal_minus_single_signal,nq,bge_dense,13,P_ret,asr_drop,query_paired,300,-0.24666666666666667,0.43179127043782384,-0.2966666666666667,-0.19666666666666666,false,observed_interval_excludes_zero,query_level_paired_bootstrap; P_ret,supplement_or_ablation_table,descriptive paired-bootstrap CI; do not write statistical significance
multi_signal_minus_single_signal,nq,bge_dense,13,P_ret,utility_drop,query_paired,300,-0.002781969769049757,0.09675315926189396,-0.013526835633476597,0.007648736300689781,true,direction_uncertain,query_level_paired_bootstrap; P_ret,supplement_or_ablation_table,descriptive paired-bootstrap CI; do not write statistical significance
multi_signal_minus_single_signal,nq,bge_dense,13,P_gen,asr_drop,query_paired,300,-0.24666666666666667,0.43179127043782384,-0.2966666666666667,-0.19666666666666666,false,observed_interval_excludes_zero,query_level_paired_bootstrap; P_gen,supplement_or_ablation_table,descriptive paired-bootstrap CI; do not write statistical significance
multi_signal_minus_single_signal,nq,bge_dense,13,P_gen,utility_drop,query_paired,300,-0.002781969769049757,0.09675315926189396,-0.013526835633476597,0.007648736300689781,true,direction_uncertain,query_level_paired_bootstrap; P_gen,supplement_or_ablation_table,descriptive paired-bootstrap CI; do not write statistical significance
multi_signal_minus_random_matched_block,nq,bge_dense,13,P_ret,asr_drop,query_paired,300,0.006666666666666667,0.23122956687575094,-0.02,0.03333333333333333,true,direction_uncertain,query_level_paired_bootstrap; P_ret,supplement_or_ablation_table,descriptive paired-bootstrap CI; do not write statistical significance
multi_signal_minus_random_matched_block,nq,bge_dense,13,P_ret,utility_drop,query_paired,300,0.01364547880430296,0.07854595862019349,0.004972268866494239,0.022552129745335773,false,observed_interval_excludes_zero,query_level_paired_bootstrap; P_ret,supplement_or_ablation_table,descriptive paired-bootstrap CI; do not write statistical significance
multi_signal_minus_random_matched_block,nq,bge_dense,13,P_gen,asr_drop,query_paired,300,0.02,0.18177865182927713,0.0,0.043333333333333335,true,direction_uncertain,query_level_paired_bootstrap; P_gen,supplement_or_ablation_table,descriptive paired-bootstrap CI; do not write statistical significance
multi_signal_minus_random_matched_block,nq,bge_dense,13,P_gen,utility_drop,query_paired,300,0.00911330259733193,0.06515595061304119,0.0020372187740771756,0.01679382530404414,false,observed_interval_excludes_zero,query_level_paired_bootstrap; P_gen,supplement_or_ablation_table,descriptive paired-bootstrap CI; do not write statistical significance
P_ret_minus_P_gen,nq,bge_dense,42,both,asr_drop,query_paired,300,0.0,0.0,0.0,0.0,true,direction_uncertain,query_level_paired_bootstrap,main_text,descriptive paired-bootstrap CI; do not write statistical significance
P_ret_minus_P_gen,nq,bge_dense,42,both,utility_drop,query_paired,300,0.0,0.0,0.0,0.0,true,direction_uncertain,query_level_paired_bootstrap,main_text,descriptive paired-bootstrap CI; do not write statistical significance
P_ret_minus_P_gen,nq,bge_dense,42,both,TPR,query_clustered_chunk_rate,145,0.0,0.0,0.0,0.0,true,direction_uncertain,"paired query-cluster bootstrap; TPR uses poisoned chunks, FPR uses clean chunks; denominators differ by gate position",main_text,descriptive paired-bootstrap CI; do not write statistical significance
P_ret_minus_P_gen,nq,bge_dense,42,both,FPR,query_clustered_chunk_rate,300,-0.018911640211640237,0.09899336221029606,-0.03008212301587304,-0.008158994708994697,false,observed_interval_excludes_zero,"paired query-cluster bootstrap; TPR uses poisoned chunks, FPR uses clean chunks; denominators differ by gate position",main_text,descriptive paired-bootstrap CI; do not write statistical significance
multi_signal_minus_single_signal,nq,bge_dense,42,P_ret,asr_drop,query_paired,300,-0.28,0.4497490939308703,-0.3333333333333333,-0.23,false,observed_interval_excludes_zero,query_level_paired_bootstrap; P_ret,supplement_or_ablation_table,descriptive paired-bootstrap CI; do not write statistical significance
multi_signal_minus_single_signal,nq,bge_dense,42,P_ret,utility_drop,query_paired,300,-0.002781969769049757,0.09675315926189396,-0.013092194036902193,0.008463267549548598,true,direction_uncertain,query_level_paired_bootstrap; P_ret,supplement_or_ablation_table,descriptive paired-bootstrap CI; do not write statistical significance
multi_signal_minus_single_signal,nq,bge_dense,42,P_gen,asr_drop,query_paired,300,-0.28,0.4497490939308703,-0.3333333333333333,-0.23,false,observed_interval_excludes_zero,query_level_paired_bootstrap; P_gen,supplement_or_ablation_table,descriptive paired-bootstrap CI; do not write statistical significance
multi_signal_minus_single_signal,nq,bge_dense,42,P_gen,utility_drop,query_paired,300,-0.002781969769049757,0.09675315926189396,-0.013092194036902193,0.008463267549548598,true,direction_uncertain,query_level_paired_bootstrap; P_gen,supplement_or_ablation_table,descriptive paired-bootstrap CI; do not write statistical significance
multi_signal_minus_random_matched_block,nq,bge_dense,42,P_ret,asr_drop,query_paired,300,0.04,0.31421186640540255,0.006666666666666667,0.07666666666666666,false,observed_interval_excludes_zero,query_level_paired_bootstrap; P_ret,supplement_or_ablation_table,descriptive paired-bootstrap CI; do not write statistical significance
multi_signal_minus_random_matched_block,nq,bge_dense,42,P_ret,utility_drop,query_paired,300,0.009682368323717369,0.07585782317132003,0.0016812147546575898,0.018533689700876217,false,observed_interval_excludes_zero,query_level_paired_bootstrap; P_ret,supplement_or_ablation_table,descriptive paired-bootstrap CI; do not write statistical significance
multi_signal_minus_random_matched_block,nq,bge_dense,42,P_gen,asr_drop,query_paired,300,0.02666666666666667,0.2572472404086812,-8.333333333332849e-05,0.056666666666666664,true,direction_uncertain,query_level_paired_bootstrap; P_gen,supplement_or_ablation_table,descriptive paired-bootstrap CI; do not write statistical significance
multi_signal_minus_random_matched_block,nq,bge_dense,42,P_gen,utility_drop,query_paired,300,0.011392405628014779,0.06991969358469942,0.004032985020204439,0.01922308768333351,false,observed_interval_excludes_zero,query_level_paired_bootstrap; P_gen,supplement_or_ablation_table,descriptive paired-bootstrap CI; do not write statistical significance
P_ret_minus_P_gen,nq,bge_dense,2026,both,asr_drop,query_paired,300,0.0,0.0,0.0,0.0,true,direction_uncertain,query_level_paired_bootstrap,main_text,descriptive paired-bootstrap CI; do not write statistical significance
P_ret_minus_P_gen,nq,bge_dense,2026,both,utility_drop,query_paired,300,0.0,0.0,0.0,0.0,true,direction_uncertain,query_level_paired_bootstrap,main_text,descriptive paired-bootstrap CI; do not write statistical significance
P_ret_minus_P_gen,nq,bge_dense,2026,both,TPR,query_clustered_chunk_rate,132,-0.003787878787878788,0.04351941398892446,-0.011363636363636364,0.0,true,direction_uncertain,"paired query-cluster bootstrap; TPR uses poisoned chunks, FPR uses clean chunks; denominators differ by gate position",main_text,descriptive paired-bootstrap CI; do not write statistical significance
P_ret_minus_P_gen,nq,bge_dense,2026,both,FPR,query_clustered_chunk_rate,300,-0.018911640211640237,0.09899336221029606,-0.030134682539682555,-0.007393571428571402,false,observed_interval_excludes_zero,"paired query-cluster bootstrap; TPR uses poisoned chunks, FPR uses clean chunks; denominators differ by gate position",main_text,descriptive paired-bootstrap CI; do not write statistical significance
multi_signal_minus_single_signal,nq,bge_dense,2026,P_ret,asr_drop,query_paired,300,-0.26,0.43936713379686193,-0.31,-0.21333333333333335,false,observed_interval_excludes_zero,query_level_paired_bootstrap; P_ret,supplement_or_ablation_table,descriptive paired-bootstrap CI; do not write statistical significance
multi_signal_minus_single_signal,nq,bge_dense,2026,P_ret,utility_drop,query_paired,300,-0.002781969769049757,0.09675315926189396,-0.013846552748243928,0.007992593660119321,true,direction_uncertain,query_level_paired_bootstrap; P_ret,supplement_or_ablation_table,descriptive paired-bootstrap CI; do not write statistical significance
multi_signal_minus_single_signal,nq,bge_dense,2026,P_gen,asr_drop,query_paired,300,-0.26,0.43936713379686193,-0.31,-0.21333333333333335,false,observed_interval_excludes_zero,query_level_paired_bootstrap; P_gen,supplement_or_ablation_table,descriptive paired-bootstrap CI; do not write statistical significance
multi_signal_minus_single_signal,nq,bge_dense,2026,P_gen,utility_drop,query_paired,300,-0.002781969769049757,0.09675315926189396,-0.013846552748243928,0.007992593660119321,true,direction_uncertain,query_level_paired_bootstrap; P_gen,supplement_or_ablation_table,descriptive paired-bootstrap CI; do not write statistical significance
multi_signal_minus_random_matched_block,nq,bge_dense,2026,P_ret,asr_drop,query_paired,300,0.05,0.29629823175386694,0.016666666666666666,0.08333333333333333,false,observed_interval_excludes_zero,query_level_paired_bootstrap; P_ret,supplement_or_ablation_table,descriptive paired-bootstrap CI; do not write statistical significance
multi_signal_minus_random_matched_block,nq,bge_dense,2026,P_ret,utility_drop,query_paired,300,0.010901177814532698,0.07509269803248718,0.002252175607886401,0.019314164573109766,false,observed_interval_excludes_zero,query_level_paired_bootstrap; P_ret,supplement_or_ablation_table,descriptive paired-bootstrap CI; do not write statistical significance
multi_signal_minus_random_matched_block,nq,bge_dense,2026,P_gen,asr_drop,query_paired,300,0.02666666666666667,0.2699353735777958,-0.0033333333333333335,0.056666666666666664,true,direction_uncertain,query_level_paired_bootstrap; P_gen,supplement_or_ablation_table,descriptive paired-bootstrap CI; do not write statistical significance
multi_signal_minus_random_matched_block,nq,bge_dense,2026,P_gen,utility_drop,query_paired,300,0.006271779466026538,0.060578443445737096,-0.0003954531988262433,0.013019329514714665,true,direction_uncertain,query_level_paired_bootstrap; P_gen,supplement_or_ablation_table,descriptive paired-bootstrap CI; do not write statistical significance
P_ret_minus_P_gen,hotpotqa,bm25,13,both,asr_drop,query_paired,300,0.0,0.0,0.0,0.0,true,direction_uncertain,query_level_paired_bootstrap,main_text,descriptive paired-bootstrap CI; do not write statistical significance
P_ret_minus_P_gen,hotpotqa,bm25,13,both,utility_drop,query_paired,300,0.0,0.0,0.0,0.0,true,direction_uncertain,query_level_paired_bootstrap,main_text,descriptive paired-bootstrap CI; do not write statistical significance
P_ret_minus_P_gen,hotpotqa,bm25,13,both,TPR,query_clustered_chunk_rate,298,-0.12880385833405966,0.2431717797569123,-0.15673190134809262,-0.10126024748927438,false,observed_interval_excludes_zero,"paired query-cluster bootstrap; TPR uses poisoned chunks, FPR uses clean chunks; denominators differ by gate position",main_text,descriptive paired-bootstrap CI; do not write statistical significance
P_ret_minus_P_gen,hotpotqa,bm25,13,both,FPR,query_clustered_chunk_rate,300,-0.1138777367512663,0.1214054130691001,-0.12686400931584776,-0.09990106870526004,false,observed_interval_excludes_zero,"paired query-cluster bootstrap; TPR uses poisoned chunks, FPR uses clean chunks; denominators differ by gate position",main_text,descriptive paired-bootstrap CI; do not write statistical significance
multi_signal_minus_single_signal,hotpotqa,bm25,13,P_ret,asr_drop,query_paired,300,-0.0033333333333333335,0.05773502691896258,-0.01,0.0,true,direction_uncertain,query_level_paired_bootstrap; P_ret,supplement_or_ablation_table,descriptive paired-bootstrap CI; do not write statistical significance
multi_signal_minus_single_signal,hotpotqa,bm25,13,P_ret,utility_drop,query_paired,300,0.01265822989495535,0.12527686613593678,-0.0015392543788931416,0.02722675506458806,true,direction_uncertain,query_level_paired_bootstrap; P_ret,supplement_or_ablation_table,descriptive paired-bootstrap CI; do not write statistical significance
multi_signal_minus_single_signal,hotpotqa,bm25,13,P_gen,asr_drop,query_paired,300,-0.0033333333333333335,0.05773502691896258,-0.01,0.0,true,direction_uncertain,query_level_paired_bootstrap; P_gen,supplement_or_ablation_table,descriptive paired-bootstrap CI; do not write statistical significance
multi_signal_minus_single_signal,hotpotqa,bm25,13,P_gen,utility_drop,query_paired,300,0.01265822989495535,0.12527686613593678,-0.0015392543788931416,0.02722675506458806,true,direction_uncertain,query_level_paired_bootstrap; P_gen,supplement_or_ablation_table,descriptive paired-bootstrap CI; do not write statistical significance
multi_signal_minus_random_matched_block,hotpotqa,bm25,13,P_ret,asr_drop,query_paired,300,0.45666666666666667,0.5056095584945222,0.3999166666666667,0.5133333333333333,false,observed_interval_excludes_zero,query_level_paired_bootstrap; P_ret,supplement_or_ablation_table,descriptive paired-bootstrap CI; do not write statistical significance
multi_signal_minus_random_matched_block,hotpotqa,bm25,13,P_ret,utility_drop,query_paired,300,0.0466666282602648,0.1430519692066342,0.03103772237181694,0.062177569793879416,false,observed_interval_excludes_zero,query_level_paired_bootstrap; P_ret,supplement_or_ablation_table,descriptive paired-bootstrap CI; do not write statistical significance
multi_signal_minus_random_matched_block,hotpotqa,bm25,13,P_gen,asr_drop,query_paired,300,0.39,0.4953631146791366,0.3333333333333333,0.44666666666666666,false,observed_interval_excludes_zero,query_level_paired_bootstrap; P_gen,supplement_or_ablation_table,descriptive paired-bootstrap CI; do not write statistical significance
multi_signal_minus_random_matched_block,hotpotqa,bm25,13,P_gen,utility_drop,query_paired,300,0.03416759271258873,0.14177467081751982,0.0194365245631897,0.05082956554335891,false,observed_interval_excludes_zero,query_level_paired_bootstrap; P_gen,supplement_or_ablation_table,descriptive paired-bootstrap CI; do not write statistical significance
P_ret_minus_P_gen,hotpotqa,bm25,42,both,asr_drop,query_paired,300,0.0,0.0,0.0,0.0,true,direction_uncertain,query_level_paired_bootstrap,main_text,descriptive paired-bootstrap CI; do not write statistical significance
P_ret_minus_P_gen,hotpotqa,bm25,42,both,utility_drop,query_paired,300,0.0,0.0,0.0,0.0,true,direction_uncertain,query_level_paired_bootstrap,main_text,descriptive paired-bootstrap CI; do not write statistical significance
P_ret_minus_P_gen,hotpotqa,bm25,42,both,TPR,query_clustered_chunk_rate,300,-0.129519536019536,0.24304346817546696,-0.15853180453805454,-0.10164586640211642,false,observed_interval_excludes_zero,"paired query-cluster bootstrap; TPR uses poisoned chunks, FPR uses clean chunks; denominators differ by gate position",main_text,descriptive paired-bootstrap CI; do not write statistical significance
P_ret_minus_P_gen,hotpotqa,bm25,42,both,FPR,query_clustered_chunk_rate,300,-0.1138777367512663,0.1214054130691001,-0.127558333934584,-0.10069303210678225,false,observed_interval_excludes_zero,"paired query-cluster bootstrap; TPR uses poisoned chunks, FPR uses clean chunks; denominators differ by gate position",main_text,descriptive paired-bootstrap CI; do not write statistical significance
multi_signal_minus_single_signal,hotpotqa,bm25,42,P_ret,asr_drop,query_paired,300,0.0,0.0,0.0,0.0,true,direction_uncertain,query_level_paired_bootstrap; P_ret,supplement_or_ablation_table,descriptive paired-bootstrap CI; do not write statistical significance
multi_signal_minus_single_signal,hotpotqa,bm25,42,P_ret,utility_drop,query_paired,300,0.01265822989495535,0.12527686613593678,-0.0010962281433440355,0.027509003111116693,true,direction_uncertain,query_level_paired_bootstrap; P_ret,supplement_or_ablation_table,descriptive paired-bootstrap CI; do not write statistical significance
multi_signal_minus_single_signal,hotpotqa,bm25,42,P_gen,asr_drop,query_paired,300,0.0,0.0,0.0,0.0,true,direction_uncertain,query_level_paired_bootstrap; P_gen,supplement_or_ablation_table,descriptive paired-bootstrap CI; do not write statistical significance
multi_signal_minus_single_signal,hotpotqa,bm25,42,P_gen,utility_drop,query_paired,300,0.01265822989495535,0.12527686613593678,-0.0010962281433440355,0.027509003111116693,true,direction_uncertain,query_level_paired_bootstrap; P_gen,supplement_or_ablation_table,descriptive paired-bootstrap CI; do not write statistical significance
multi_signal_minus_random_matched_block,hotpotqa,bm25,42,P_ret,asr_drop,query_paired,300,0.41,0.49939763046197644,0.35,0.4633333333333333,false,observed_interval_excludes_zero,query_level_paired_bootstrap; P_ret,supplement_or_ablation_table,descriptive paired-bootstrap CI; do not write statistical significance
multi_signal_minus_random_matched_block,hotpotqa,bm25,42,P_ret,utility_drop,query_paired,300,0.0467166884386787,0.15485914593838113,0.029390220177578783,0.0652413008796842,false,observed_interval_excludes_zero,query_level_paired_bootstrap; P_ret,supplement_or_ablation_table,descriptive paired-bootstrap CI; do not write statistical significance
multi_signal_minus_random_matched_block,hotpotqa,bm25,42,P_gen,asr_drop,query_paired,300,0.39666666666666667,0.496801362923753,0.34,0.4500833333333329,false,observed_interval_excludes_zero,query_level_paired_bootstrap; P_gen,supplement_or_ablation_table,descriptive paired-bootstrap CI; do not write statistical significance
multi_signal_minus_random_matched_block,hotpotqa,bm25,42,P_gen,utility_drop,query_paired,300,0.033625742865762566,0.13159493545103243,0.018704283325834663,0.04928882618748288,false,observed_interval_excludes_zero,query_level_paired_bootstrap; P_gen,supplement_or_ablation_table,descriptive paired-bootstrap CI; do not write statistical significance
P_ret_minus_P_gen,hotpotqa,bm25,2026,both,asr_drop,query_paired,300,0.0,0.0,0.0,0.0,true,direction_uncertain,query_level_paired_bootstrap,main_text,descriptive paired-bootstrap CI; do not write statistical significance
P_ret_minus_P_gen,hotpotqa,bm25,2026,both,utility_drop,query_paired,300,0.0,0.0,0.0,0.0,true,direction_uncertain,query_level_paired_bootstrap,main_text,descriptive paired-bootstrap CI; do not write statistical significance
P_ret_minus_P_gen,hotpotqa,bm25,2026,both,TPR,query_clustered_chunk_rate,299,-0.13448339100513013,0.24441807989138745,-0.16253504044264908,-0.10711821391169228,false,observed_interval_excludes_zero,"paired query-cluster bootstrap; TPR uses poisoned chunks, FPR uses clean chunks; denominators differ by gate position",main_text,descriptive paired-bootstrap CI; do not write statistical significance
P_ret_minus_P_gen,hotpotqa,bm25,2026,both,FPR,query_clustered_chunk_rate,300,-0.1138777367512663,0.1214054130691001,-0.1276270259315849,-0.10068551555470688,false,observed_interval_excludes_zero,"paired query-cluster bootstrap; TPR uses poisoned chunks, FPR uses clean chunks; denominators differ by gate position",main_text,descriptive paired-bootstrap CI; do not write statistical significance
multi_signal_minus_single_signal,hotpotqa,bm25,2026,P_ret,asr_drop,query_paired,300,0.0,0.0,0.0,0.0,true,direction_uncertain,query_level_paired_bootstrap; P_ret,supplement_or_ablation_table,descriptive paired-bootstrap CI; do not write statistical significance
multi_signal_minus_single_signal,hotpotqa,bm25,2026,P_ret,utility_drop,query_paired,300,0.01265822989495535,0.12527686613593678,-0.00039351144038204163,0.02768795544583112,true,direction_uncertain,query_level_paired_bootstrap; P_ret,supplement_or_ablation_table,descriptive paired-bootstrap CI; do not write statistical significance
multi_signal_minus_single_signal,hotpotqa,bm25,2026,P_gen,asr_drop,query_paired,300,0.0,0.0,0.0,0.0,true,direction_uncertain,query_level_paired_bootstrap; P_gen,supplement_or_ablation_table,descriptive paired-bootstrap CI; do not write statistical significance
multi_signal_minus_single_signal,hotpotqa,bm25,2026,P_gen,utility_drop,query_paired,300,0.01265822989495535,0.12527686613593678,-0.00039351144038204163,0.02768795544583112,true,direction_uncertain,query_level_paired_bootstrap; P_gen,supplement_or_ablation_table,descriptive paired-bootstrap CI; do not write statistical significance
multi_signal_minus_random_matched_block,hotpotqa,bm25,2026,P_ret,asr_drop,query_paired,300,0.4666666666666667,0.49972121547874476,0.41,0.5233333333333333,false,observed_interval_excludes_zero,query_level_paired_bootstrap; P_ret,supplement_or_ablation_table,descriptive paired-bootstrap CI; do not write statistical significance
multi_signal_minus_random_matched_block,hotpotqa,bm25,2026,P_ret,utility_drop,query_paired,300,0.04193223826370469,0.15258662626615058,0.026282781720221967,0.05940568124452627,false,observed_interval_excludes_zero,query_level_paired_bootstrap; P_ret,supplement_or_ablation_table,descriptive paired-bootstrap CI; do not write statistical significance
multi_signal_minus_random_matched_block,hotpotqa,bm25,2026,P_gen,asr_drop,query_paired,300,0.41,0.49265508228408084,0.3566666666666667,0.4666666666666667,false,observed_interval_excludes_zero,query_level_paired_bootstrap; P_gen,supplement_or_ablation_table,descriptive paired-bootstrap CI; do not write statistical significance
multi_signal_minus_random_matched_block,hotpotqa,bm25,2026,P_gen,utility_drop,query_paired,300,0.03412365083929552,0.1433966379666676,0.019134150532292324,0.05145262324353231,false,observed_interval_excludes_zero,query_level_paired_bootstrap; P_gen,supplement_or_ablation_table,descriptive paired-bootstrap CI; do not write statistical significance
P_ret_minus_P_gen,hotpotqa,bge_dense,13,both,asr_drop,query_paired,300,0.0,0.0,0.0,0.0,true,direction_uncertain,query_level_paired_bootstrap,main_text,descriptive paired-bootstrap CI; do not write statistical significance
P_ret_minus_P_gen,hotpotqa,bge_dense,13,both,utility_drop,query_paired,300,0.0,0.0,0.0,0.0,true,direction_uncertain,query_level_paired_bootstrap,main_text,descriptive paired-bootstrap CI; do not write statistical significance
P_ret_minus_P_gen,hotpotqa,bge_dense,13,both,TPR,query_clustered_chunk_rate,293,-0.06098651064521371,0.16954292058307263,-0.08102551600845116,-0.04337196624952599,false,observed_interval_excludes_zero,"paired query-cluster bootstrap; TPR uses poisoned chunks, FPR uses clean chunks; denominators differ by gate position",main_text,descriptive paired-bootstrap CI; do not write statistical significance
P_ret_minus_P_gen,hotpotqa,bge_dense,13,both,FPR,query_clustered_chunk_rate,300,-0.14012129874482834,0.11935719379823406,-0.15270583687826342,-0.12645354148846816,false,observed_interval_excludes_zero,"paired query-cluster bootstrap; TPR uses poisoned chunks, FPR uses clean chunks; denominators differ by gate position",main_text,descriptive paired-bootstrap CI; do not write statistical significance
multi_signal_minus_single_signal,hotpotqa,bge_dense,13,P_ret,asr_drop,query_paired,300,-0.01,0.09966499068325335,-0.023333333333333334,0.0,true,direction_uncertain,query_level_paired_bootstrap; P_ret,supplement_or_ablation_table,descriptive paired-bootstrap CI; do not write statistical significance
multi_signal_minus_single_signal,hotpotqa,bge_dense,13,P_ret,utility_drop,query_paired,300,0.008005720939121327,0.1591508780457156,-0.009455978718199075,0.025945448242097553,true,direction_uncertain,query_level_paired_bootstrap; P_ret,supplement_or_ablation_table,descriptive paired-bootstrap CI; do not write statistical significance
multi_signal_minus_single_signal,hotpotqa,bge_dense,13,P_gen,asr_drop,query_paired,300,-0.01,0.09966499068325335,-0.023333333333333334,0.0,true,direction_uncertain,query_level_paired_bootstrap; P_gen,supplement_or_ablation_table,descriptive paired-bootstrap CI; do not write statistical significance
multi_signal_minus_single_signal,hotpotqa,bge_dense,13,P_gen,utility_drop,query_paired,300,0.008005720939121327,0.1591508780457156,-0.009455978718199075,0.025945448242097553,true,direction_uncertain,query_level_paired_bootstrap; P_gen,supplement_or_ablation_table,descriptive paired-bootstrap CI; do not write statistical significance
multi_signal_minus_random_matched_block,hotpotqa,bge_dense,13,P_ret,asr_drop,query_paired,300,0.41,0.49939763046197644,0.35333333333333333,0.4666666666666667,false,observed_interval_excludes_zero,query_level_paired_bootstrap; P_ret,supplement_or_ablation_table,descriptive paired-bootstrap CI; do not write statistical significance
multi_signal_minus_random_matched_block,hotpotqa,bge_dense,13,P_ret,utility_drop,query_paired,300,0.05516871397877065,0.15639608902965907,0.037972605503089674,0.07426457253499455,false,observed_interval_excludes_zero,query_level_paired_bootstrap; P_ret,supplement_or_ablation_table,descriptive paired-bootstrap CI; do not write statistical significance
multi_signal_minus_random_matched_block,hotpotqa,bge_dense,13,P_gen,asr_drop,query_paired,300,0.34,0.4814971078656061,0.2866666666666667,0.39666666666666667,false,observed_interval_excludes_zero,query_level_paired_bootstrap; P_gen,supplement_or_ablation_table,descriptive paired-bootstrap CI; do not write statistical significance
multi_signal_minus_random_matched_block,hotpotqa,bge_dense,13,P_gen,utility_drop,query_paired,300,0.050940252181043096,0.14538549328046108,0.035387211031141466,0.06777763039391348,false,observed_interval_excludes_zero,query_level_paired_bootstrap; P_gen,supplement_or_ablation_table,descriptive paired-bootstrap CI; do not write statistical significance
P_ret_minus_P_gen,hotpotqa,bge_dense,42,both,asr_drop,query_paired,300,0.0,0.0,0.0,0.0,true,direction_uncertain,query_level_paired_bootstrap,main_text,descriptive paired-bootstrap CI; do not write statistical significance
P_ret_minus_P_gen,hotpotqa,bge_dense,42,both,utility_drop,query_paired,300,0.0,0.0,0.0,0.0,true,direction_uncertain,query_level_paired_bootstrap,main_text,descriptive paired-bootstrap CI; do not write statistical significance
P_ret_minus_P_gen,hotpotqa,bge_dense,42,both,TPR,query_clustered_chunk_rate,296,-0.06460655771317536,0.17352556380514453,-0.08481374954260984,-0.046010379799442315,false,observed_interval_excludes_zero,"paired query-cluster bootstrap; TPR uses poisoned chunks, FPR uses clean chunks; denominators differ by gate position",main_text,descriptive paired-bootstrap CI; do not write statistical significance
P_ret_minus_P_gen,hotpotqa,bge_dense,42,both,FPR,query_clustered_chunk_rate,300,-0.14012129874482834,0.11935719379823406,-0.15409775473437234,-0.12650936320487807,false,observed_interval_excludes_zero,"paired query-cluster bootstrap; TPR uses poisoned chunks, FPR uses clean chunks; denominators differ by gate position",main_text,descriptive paired-bootstrap CI; do not write statistical significance
multi_signal_minus_single_signal,hotpotqa,bge_dense,42,P_ret,asr_drop,query_paired,300,-0.013333333333333334,0.11488931224930927,-0.02666666666666667,-0.0033333333333333335,false,observed_interval_excludes_zero,query_level_paired_bootstrap; P_ret,supplement_or_ablation_table,descriptive paired-bootstrap CI; do not write statistical significance
multi_signal_minus_single_signal,hotpotqa,bge_dense,42,P_ret,utility_drop,query_paired,300,0.008005720939121327,0.1591508780457156,-0.008504267316551264,0.02676567305255089,true,direction_uncertain,query_level_paired_bootstrap; P_ret,supplement_or_ablation_table,descriptive paired-bootstrap CI; do not write statistical significance
multi_signal_minus_single_signal,hotpotqa,bge_dense,42,P_gen,asr_drop,query_paired,300,-0.013333333333333334,0.11488931224930927,-0.02666666666666667,-0.0033333333333333335,false,observed_interval_excludes_zero,query_level_paired_bootstrap; P_gen,supplement_or_ablation_table,descriptive paired-bootstrap CI; do not write statistical significance
multi_signal_minus_single_signal,hotpotqa,bge_dense,42,P_gen,utility_drop,query_paired,300,0.008005720939121327,0.1591508780457156,-0.008504267316551264,0.02676567305255089,true,direction_uncertain,query_level_paired_bootstrap; P_gen,supplement_or_ablation_table,descriptive paired-bootstrap CI; do not write statistical significance
multi_signal_minus_random_matched_block,hotpotqa,bge_dense,42,P_ret,asr_drop,query_paired,300,0.42,0.5011024635039883,0.36,0.4766666666666667,false,observed_interval_excludes_zero,query_level_paired_bootstrap; P_ret,supplement_or_ablation_table,descriptive paired-bootstrap CI; do not write statistical significance
multi_signal_minus_random_matched_block,hotpotqa,bge_dense,42,P_ret,utility_drop,query_paired,300,0.05942186099689215,0.1601336006703667,0.042935820900571305,0.0776784300197868,false,observed_interval_excludes_zero,query_level_paired_bootstrap; P_ret,supplement_or_ablation_table,descriptive paired-bootstrap CI; do not write statistical significance
multi_signal_minus_random_matched_block,hotpotqa,bge_dense,42,P_gen,asr_drop,query_paired,300,0.4166666666666667,0.5005571032368753,0.36,0.47333333333333333,false,observed_interval_excludes_zero,query_level_paired_bootstrap; P_gen,supplement_or_ablation_table,descriptive paired-bootstrap CI; do not write statistical significance
multi_signal_minus_random_matched_block,hotpotqa,bge_dense,42,P_gen,utility_drop,query_paired,300,0.035864099592001396,0.14258585064006302,0.02066151288969116,0.051926350482051874,false,observed_interval_excludes_zero,query_level_paired_bootstrap; P_gen,supplement_or_ablation_table,descriptive paired-bootstrap CI; do not write statistical significance
P_ret_minus_P_gen,hotpotqa,bge_dense,2026,both,asr_drop,query_paired,300,0.0,0.0,0.0,0.0,true,direction_uncertain,query_level_paired_bootstrap,main_text,descriptive paired-bootstrap CI; do not write statistical significance
P_ret_minus_P_gen,hotpotqa,bge_dense,2026,both,utility_drop,query_paired,300,0.0,0.0,0.0,0.0,true,direction_uncertain,query_level_paired_bootstrap,main_text,descriptive paired-bootstrap CI; do not write statistical significance
P_ret_minus_P_gen,hotpotqa,bge_dense,2026,both,TPR,query_clustered_chunk_rate,297,-0.06418016140238363,0.16888284938922407,-0.08455086580086581,-0.04465939153439153,false,observed_interval_excludes_zero,"paired query-cluster bootstrap; TPR uses poisoned chunks, FPR uses clean chunks; denominators differ by gate position",main_text,descriptive paired-bootstrap CI; do not write statistical significance
P_ret_minus_P_gen,hotpotqa,bge_dense,2026,both,FPR,query_clustered_chunk_rate,300,-0.14012129874482834,0.11935719379823406,-0.15305934450353575,-0.12687218113313717,false,observed_interval_excludes_zero,"paired query-cluster bootstrap; TPR uses poisoned chunks, FPR uses clean chunks; denominators differ by gate position",main_text,descriptive paired-bootstrap CI; do not write statistical significance
multi_signal_minus_single_signal,hotpotqa,bge_dense,2026,P_ret,asr_drop,query_paired,300,-0.016666666666666666,0.12823299585640943,-0.03333333333333333,-0.0033333333333333335,false,observed_interval_excludes_zero,query_level_paired_bootstrap; P_ret,supplement_or_ablation_table,descriptive paired-bootstrap CI; do not write statistical significance
multi_signal_minus_single_signal,hotpotqa,bge_dense,2026,P_ret,utility_drop,query_paired,300,0.008005720939121327,0.1591508780457156,-0.00957996144621216,0.026776046754434426,true,direction_uncertain,query_level_paired_bootstrap; P_ret,supplement_or_ablation_table,descriptive paired-bootstrap CI; do not write statistical significance
multi_signal_minus_single_signal,hotpotqa,bge_dense,2026,P_gen,asr_drop,query_paired,300,-0.016666666666666666,0.12823299585640943,-0.03333333333333333,-0.0033333333333333335,false,observed_interval_excludes_zero,query_level_paired_bootstrap; P_gen,supplement_or_ablation_table,descriptive paired-bootstrap CI; do not write statistical significance
multi_signal_minus_single_signal,hotpotqa,bge_dense,2026,P_gen,utility_drop,query_paired,300,0.008005720939121327,0.1591508780457156,-0.00957996144621216,0.026776046754434426,true,direction_uncertain,query_level_paired_bootstrap; P_gen,supplement_or_ablation_table,descriptive paired-bootstrap CI; do not write statistical significance
multi_signal_minus_random_matched_block,hotpotqa,bge_dense,2026,P_ret,asr_drop,query_paired,300,0.43,0.5092127834833649,0.37333333333333335,0.4866666666666667,false,observed_interval_excludes_zero,query_level_paired_bootstrap; P_ret,supplement_or_ablation_table,descriptive paired-bootstrap CI; do not write statistical significance
multi_signal_minus_random_matched_block,hotpotqa,bge_dense,2026,P_ret,utility_drop,query_paired,300,0.05839816775173914,0.15883707275643089,0.041633089198637896,0.07732907156169228,false,observed_interval_excludes_zero,query_level_paired_bootstrap; P_ret,supplement_or_ablation_table,descriptive paired-bootstrap CI; do not write statistical significance
multi_signal_minus_random_matched_block,hotpotqa,bge_dense,2026,P_gen,asr_drop,query_paired,300,0.4,0.4974853151561226,0.3433333333333333,0.45666666666666667,false,observed_interval_excludes_zero,query_level_paired_bootstrap; P_gen,supplement_or_ablation_table,descriptive paired-bootstrap CI; do not write statistical significance
multi_signal_minus_random_matched_block,hotpotqa,bge_dense,2026,P_gen,utility_drop,query_paired,300,0.04453151760364778,0.16062433344324725,0.026836030304790853,0.06297894139801331,false,observed_interval_excludes_zero,query_level_paired_bootstrap; P_gen,supplement_or_ablation_table,descriptive paired-bootstrap CI; do not write statistical significance
