dataset,retriever,attack_seed,simplified_Clean_EM,multi_stage_Clean_EM,simplified_minus_multistage_Clean_EM,simplified_Clean_F1,multi_stage_Clean_F1,simplified_minus_multistage_Clean_F1,simplified_ASR_no_gate,multi_stage_ASR_no_gate,simplified_minus_multistage_ASR
nq,bm25,13,0.0,0.0,0.0,0.11526151435644487,0.15141955042367197,-0.0361580360672271,0.59,0.38333333333333336,0.2066666666666666
nq,bm25,42,0.0,0.0,0.0,0.11526151435644487,0.15141955042367197,-0.0361580360672271,0.63,0.44,0.19
nq,bm25,2026,0.0,0.0,0.0,0.11526151435644487,0.15141955042367197,-0.0361580360672271,0.58,0.43333333333333335,0.1466666666666666
nq,bge_dense,13,0.0,0.0,0.0,0.16662732169691358,0.1449564740117241,0.02167084768518948,0.37666666666666665,0.26666666666666666,0.10999999999999999
nq,bge_dense,42,0.0,0.0,0.0,0.16662732169691358,0.1449564740117241,0.02167084768518948,0.43,0.31666666666666665,0.11333333333333334
nq,bge_dense,2026,0.0,0.0,0.0,0.16662732169691358,0.1449564740117241,0.02167084768518948,0.41333333333333333,0.30333333333333334,0.10999999999999999
hotpotqa,bm25,13,0.0033333333333333335,0.02,-0.016666666666666666,0.10706153427002996,0.14602016492954206,-0.038958630659512106,0.63,0.4666666666666667,0.16333333333333333
hotpotqa,bm25,42,0.0033333333333333335,0.02,-0.016666666666666666,0.10706153427002996,0.14602016492954206,-0.038958630659512106,0.6233333333333333,0.4633333333333333,0.15999999999999998
hotpotqa,bm25,2026,0.0033333333333333335,0.02,-0.016666666666666666,0.10706153427002996,0.14602016492954206,-0.038958630659512106,0.6233333333333333,0.48,0.1433333333333333
hotpotqa,bge_dense,13,0.013333333333333334,0.016666666666666666,-0.0033333333333333322,0.12952480624108556,0.13987973882504648,-0.010354932583960919,0.49,0.45666666666666667,0.033333333333333326
hotpotqa,bge_dense,42,0.013333333333333334,0.016666666666666666,-0.0033333333333333322,0.12952480624108556,0.13987973882504648,-0.010354932583960919,0.49666666666666665,0.46,0.036666666666666625
hotpotqa,bge_dense,2026,0.013333333333333334,0.016666666666666666,-0.0033333333333333322,0.12952480624108556,0.13987973882504648,-0.010354932583960919,0.4766666666666667,0.48,-0.0033333333333332993
