dataset,retriever,attack_seed,gate_position,control_group,control_gate_version,control_ASR,multi_signal_ASR,control_ASR-Drop,multi_signal_ASR-Drop,control_FPR_clean,multi_signal_FPR_clean,control_TPR,multi_signal_TPR,control_Utility_Drop,multi_signal_Utility_Drop,control_PoisonPresence@5,multi_signal_PoisonPresence@5
nq,bm25,13,P_ret,C,random_matched_block_v1,0.38333333333333336,0.3433333333333333,0.0,0.040000000000000036,0.04426666666666667,0.04426666666666667,0.06132989025177534,0.1291155584247902,0.003595861694468072,0.013538656540688893,0.67,0.5833333333333334
nq,bm25,13,P_gen,C,random_matched_block_v1,0.37666666666666665,0.3433333333333333,0.00666666666666671,0.040000000000000036,0.08925318761384335,0.08925318761384335,0.09342560553633218,0.17301038062283736,0.0039050948319674372,0.013538656540688893,0.6833333333333333,0.5833333333333334
nq,bm25,42,P_ret,C,random_matched_block_v1,0.42,0.4066666666666667,0.020000000000000018,0.033333333333333326,0.04426666666666667,0.04426666666666667,0.05422853453841188,0.10974822466107166,0.0032330196357926444,0.013538656540688893,0.71,0.63
nq,bm25,42,P_gen,C,random_matched_block_v1,0.43333333333333335,0.4066666666666667,0.006666666666666654,0.033333333333333326,0.08925318761384335,0.08925318761384335,0.08972972972972973,0.14054054054054055,0.006153996892882707,0.013538656540688893,0.7133333333333334,0.63
nq,bm25,2026,P_ret,C,random_matched_block_v1,0.4066666666666667,0.38333333333333336,0.026666666666666672,0.04999999999999999,0.04426666666666667,0.04426666666666667,0.05566343042071197,0.11326860841423948,0.008518630644774372,0.013538656540688893,0.6766666666666666,0.59
nq,bm25,2026,P_gen,C,random_matched_block_v1,0.42,0.38333333333333336,0.013333333333333364,0.04999999999999999,0.08925318761384335,0.08925318761384335,0.09897610921501707,0.16496018202502843,0.006662365897409678,0.013538656540688893,0.68,0.59
nq,bge_dense,13,P_ret,C,random_matched_block_v1,0.25333333333333335,0.24666666666666667,0.013333333333333308,0.01999999999999999,0.05046666666666667,0.05046666666666667,0.060810810810810814,0.12837837837837837,-0.0007002048705141151,0.012945273933788803,0.4,0.3466666666666667
nq,bge_dense,13,P_gen,C,random_matched_block_v1,0.26666666666666666,0.24666666666666667,0.0,0.01999999999999999,0.09200968523002422,0.09200968523002422,0.1294820717131474,0.199203187250996,0.0038319713364569075,0.012945273933788803,0.4066666666666667,0.3466666666666667
nq,bge_dense,42,P_ret,C,random_matched_block_v1,0.32,0.28,-0.003333333333333355,0.036666666666666625,0.05046666666666667,0.05046666666666667,0.05751014884979702,0.12178619756427606,0.0032629056100715037,0.012945273933788803,0.47333333333333333,0.4
nq,bge_dense,42,P_gen,C,random_matched_block_v1,0.30666666666666664,0.28,0.010000000000000009,0.036666666666666625,0.09200968523002422,0.09200968523002422,0.12962962962962962,0.21043771043771045,0.0015528683057741133,0.012945273933788803,0.4633333333333333,0.4
nq,bge_dense,2026,P_ret,C,random_matched_block_v1,0.31,0.26,-0.006666666666666654,0.043333333333333335,0.05046666666666667,0.05046666666666667,0.05351170568561873,0.10702341137123746,0.0020440961192561835,0.012945273933788803,0.43666666666666665,0.37
nq,bge_dense,2026,P_gen,C,random_matched_block_v1,0.2866666666666667,0.26,0.016666666666666663,0.043333333333333335,0.09200968523002422,0.09200968523002422,0.13068181818181818,0.19886363636363635,0.006673494467762303,0.012945273933788803,0.44,0.37
hotpotqa,bm25,13,P_ret,C,random_matched_block_v1,0.4633333333333333,0.006666666666666667,0.003333333333333355,0.46,0.0478,0.0478,0.13862781954887218,0.7048872180451128,0.004888702395908634,0.05155533065617347,0.9933333333333333,0.04666666666666667
hotpotqa,bm25,13,P_gen,C,random_matched_block_v1,0.39666666666666667,0.006666666666666667,0.07,0.46,0.19700214132762311,0.19700214132762311,0.5378096479791395,0.9713168187744459,0.01738773794358467,0.05155533065617347,0.9733333333333334,0.04666666666666667
hotpotqa,bm25,42,P_ret,C,random_matched_block_v1,0.41333333333333333,0.0033333333333333335,0.04999999999999999,0.45999999999999996,0.0478,0.0478,0.14707259953161592,0.702576112412178,0.004838642217494693,0.05155533065617347,0.9966666666666667,0.043333333333333335
hotpotqa,bm25,42,P_gen,C,random_matched_block_v1,0.4,0.0033333333333333335,0.0633333333333333,0.45999999999999996,0.19700214132762311,0.19700214132762311,0.5533980582524272,0.970873786407767,0.01792958779041076,0.05155533065617347,0.9833333333333333,0.043333333333333335
hotpotqa,bm25,2026,P_ret,C,random_matched_block_v1,0.4666666666666667,0.0,0.013333333333333308,0.48,0.0478,0.0478,0.1395985401459854,0.6843065693430657,0.009623092392468724,0.05155533065617347,0.9966666666666667,0.056666666666666664
hotpotqa,bm25,2026,P_gen,C,random_matched_block_v1,0.41,0.0,0.07,0.48,0.19700214132762311,0.19700214132762311,0.536428110896196,0.9638942617666022,0.017431679816877904,0.05155533065617347,0.9766666666666667,0.056666666666666664
hotpotqa,bge_dense,13,P_ret,C,random_matched_block_v1,0.42333333333333334,0.013333333333333334,0.033333333333333326,0.44333333333333336,0.05146666666666667,0.05146666666666667,0.15473441108545036,0.848729792147806,0.005095273438826958,0.060263987417597614,0.9733333333333334,0.03333333333333333
hotpotqa,bge_dense,13,P_gen,C,random_matched_block_v1,0.35333333333333333,0.013333333333333334,0.10333333333333333,0.44333333333333336,0.22918807810894143,0.22918807810894143,0.5495923913043478,0.9748641304347826,0.009323735236554581,0.060263987417597614,0.9533333333333334,0.03333333333333333
hotpotqa,bge_dense,42,P_ret,C,random_matched_block_v1,0.43333333333333335,0.013333333333333334,0.026666666666666672,0.4466666666666667,0.05146666666666667,0.05146666666666667,0.13757816941444,0.8300170551449687,0.0008421264207054135,0.060263987417597614,0.9866666666666667,0.04
hotpotqa,bge_dense,42,P_gen,C,random_matched_block_v1,0.43,0.013333333333333334,0.030000000000000027,0.4466666666666667,0.22918807810894143,0.22918807810894143,0.5562289562289562,0.9696969696969697,0.024399887825596336,0.060263987417597614,0.9666666666666667,0.04
hotpotqa,bge_dense,2026,P_ret,C,random_matched_block_v1,0.44666666666666666,0.016666666666666666,0.033333333333333326,0.4633333333333333,0.05146666666666667,0.05146666666666667,0.14636935391652373,0.8290451686678102,0.0018658196658584147,0.060263987417597614,0.9866666666666667,0.05333333333333334
hotpotqa,bge_dense,2026,P_gen,C,random_matched_block_v1,0.4166666666666667,0.016666666666666666,0.0633333333333333,0.4633333333333333,0.22918807810894143,0.22918807810894143,0.5307076101468625,0.9579439252336449,0.015732469813949906,0.060263987417597614,0.9666666666666667,0.05333333333333334
