dataset,retriever,attack_seed,queries,clean_target_raw_hit_rate,clean_counterfactual_asr,poisoned_asr,poisoned_only_success_rate,poisoned_asr_minus_clean_counterfactual_asr
nq,bm25,13,300,0,0,0.38333333333333336,0.38333333333333336,0.38333333333333336
nq,bm25,42,300,0,0,0.44,0.44,0.44
nq,bm25,2026,300,0,0,0.43333333333333335,0.43333333333333335,0.43333333333333335
nq,bge_dense,13,300,0,0,0.26666666666666666,0.26666666666666666,0.26666666666666666
nq,bge_dense,42,300,0.0033333333333333335,0,0.31666666666666665,0.31666666666666665,0.31666666666666665
nq,bge_dense,2026,300,0,0,0.30333333333333334,0.30333333333333334,0.30333333333333334
hotpotqa,bm25,13,300,0.0033333333333333335,0.0033333333333333335,0.4666666666666667,0.4633333333333333,0.4633333333333333
hotpotqa,bm25,42,300,0.01,0.0033333333333333335,0.4633333333333333,0.4633333333333333,0.46
hotpotqa,bm25,2026,300,0,0,0.48,0.48,0.48
hotpotqa,bge_dense,13,300,0.0033333333333333335,0.0033333333333333335,0.45666666666666667,0.4533333333333333,0.4533333333333333
hotpotqa,bge_dense,42,300,0.0033333333333333335,0,0.46,0.46,0.46
hotpotqa,bge_dense,2026,300,0,0,0.48,0.48,0.48
