claim_family,dataset,retriever,gate_position,n,mean_difference,ci95_low,ci95_high,bootstrap_repetitions,cluster_unit,attack_seeds_averaged_within_query
simplified_minus_multistage_ASR,nq,bm25,,300,0.18111111111111106,0.14888888888888888,0.21555555555555558,5000,query_id,3
multisignal_ASR_drop,nq,bm25,P_ret,300,0.04111111111111112,0.015555555555555553,0.06777777777777776,5000,query_id,3
multisignal_advantage_over_random_ASR,nq,bm25,P_ret,300,0.02555555555555556,0.0011111111111111107,0.05000000000000001,5000,query_id,3
single_signal_advantage_over_multisignal_ASR,nq,bm25,P_ret,300,0.3777777777777776,0.3355555555555557,0.42,5000,query_id,3
multisignal_ASR_drop,nq,bm25,P_gen,300,0.04111111111111112,0.015555555555555553,0.06777777777777776,5000,query_id,3
multisignal_advantage_over_random_ASR,nq,bm25,P_gen,300,0.032222222222222235,0.012222222222222221,0.05333333333333336,5000,query_id,3
single_signal_advantage_over_multisignal_ASR,nq,bm25,P_gen,300,0.3777777777777776,0.3355555555555557,0.42,5000,query_id,3
multisignal_clean_F1_drop,nq,bm25,P_ret,300,0.013538656540688964,0.006184210129585052,0.021430792414845867,5000,query_id,1
multisignal_clean_F1_drop,nq,bm25,P_gen,300,0.013538656540688964,0.006184210129585052,0.021430792414845867,5000,query_id,1
simplified_minus_multistage_ASR,nq,bge_dense,,300,0.11111111111111105,0.07777777777777774,0.14555555555555558,5000,query_id,3
multisignal_ASR_drop,nq,bge_dense,P_ret,300,0.03333333333333333,0.011111111111111113,0.056666666666666664,5000,query_id,3
multisignal_advantage_over_random_ASR,nq,bge_dense,P_ret,300,0.03222222222222222,0.009999999999999995,0.05555555555555556,5000,query_id,3
single_signal_advantage_over_multisignal_ASR,nq,bge_dense,P_ret,300,0.2622222222222221,0.22555555555555556,0.29888888888888887,5000,query_id,3
multisignal_ASR_drop,nq,bge_dense,P_gen,300,0.03333333333333333,0.011111111111111113,0.056666666666666664,5000,query_id,3
multisignal_advantage_over_random_ASR,nq,bge_dense,P_gen,300,0.02444444444444444,0.0066666666666666645,0.04444444444444444,5000,query_id,3
single_signal_advantage_over_multisignal_ASR,nq,bge_dense,P_gen,300,0.2622222222222221,0.22555555555555556,0.29888888888888887,5000,query_id,3
multisignal_clean_F1_drop,nq,bge_dense,P_ret,300,0.012945273933788885,0.005203344584531277,0.02123829440579863,5000,query_id,1
multisignal_clean_F1_drop,nq,bge_dense,P_gen,300,0.012945273933788885,0.005203344584531277,0.02123829440579863,5000,query_id,1
simplified_minus_multistage_ASR,hotpotqa,bm25,,300,0.15555555555555567,0.12333333333333324,0.18777777777777793,5000,query_id,3
multisignal_ASR_drop,hotpotqa,bm25,P_ret,300,0.4666666666666668,0.42555555555555546,0.5088888888888893,5000,query_id,3
multisignal_advantage_over_random_ASR,hotpotqa,bm25,P_ret,300,0.44444444444444486,0.4066666666666667,0.48222222222222216,5000,query_id,3
single_signal_advantage_over_multisignal_ASR,hotpotqa,bm25,P_ret,300,0.0011111111111111111,0,0.0033333333333333335,5000,query_id,3
multisignal_ASR_drop,hotpotqa,bm25,P_gen,300,0.4666666666666668,0.42555555555555546,0.5088888888888893,5000,query_id,3
multisignal_advantage_over_random_ASR,hotpotqa,bm25,P_gen,300,0.398888888888889,0.36111111111111094,0.4377777777777777,5000,query_id,3
single_signal_advantage_over_multisignal_ASR,hotpotqa,bm25,P_gen,300,0.0011111111111111111,0,0.0033333333333333335,5000,query_id,3
multisignal_clean_F1_drop,hotpotqa,bm25,P_ret,300,0.051555330656173376,0.034121993098560434,0.06999007910376248,5000,query_id,1
multisignal_clean_F1_drop,hotpotqa,bm25,P_gen,300,0.051555330656173376,0.034121993098560434,0.06999007910376248,5000,query_id,1
simplified_minus_multistage_ASR,hotpotqa,bge_dense,,300,0.02222222222222222,-0.007777777777777781,0.05111111111111113,5000,query_id,3
multisignal_ASR_drop,hotpotqa,bge_dense,P_ret,300,0.45111111111111135,0.4099999999999998,0.49333333333333323,5000,query_id,3
multisignal_advantage_over_random_ASR,hotpotqa,bge_dense,P_ret,300,0.42000000000000015,0.37888888888888883,0.46111111111111114,5000,query_id,3
single_signal_advantage_over_multisignal_ASR,hotpotqa,bge_dense,P_ret,300,0.013333333333333334,0.0044444444444444444,0.02444444444444444,5000,query_id,3
multisignal_ASR_drop,hotpotqa,bge_dense,P_gen,300,0.45111111111111135,0.4099999999999998,0.49333333333333323,5000,query_id,3
multisignal_advantage_over_random_ASR,hotpotqa,bge_dense,P_gen,300,0.3855555555555557,0.3466666666666665,0.42555555555555546,5000,query_id,3
single_signal_advantage_over_multisignal_ASR,hotpotqa,bge_dense,P_gen,300,0.013333333333333334,0.0044444444444444444,0.02444444444444444,5000,query_id,3
multisignal_clean_F1_drop,hotpotqa,bge_dense,P_ret,300,0.06026398741759756,0.04303826264642063,0.07942117782702188,5000,query_id,1
multisignal_clean_F1_drop,hotpotqa,bge_dense,P_gen,300,0.06026398741759756,0.04303826264642063,0.07942117782702188,5000,query_id,1
