dataset,retriever,attack_seed,corpus,queries,same_context_count,same_context_rate,same_answer_count,same_answer_rate,same_primary_outcome_count,same_primary_outcome_rate
hotpotqa,bge_dense,13,clean,300,300,1,300,1,300,1
hotpotqa,bge_dense,13,poison,300,299,0.9966666666666667,300,1,300,1
hotpotqa,bge_dense,2026,clean,300,300,1,300,1,300,1
hotpotqa,bge_dense,2026,poison,300,298,0.9933333333333333,300,1,300,1
hotpotqa,bge_dense,42,clean,300,300,1,300,1,300,1
hotpotqa,bge_dense,42,poison,300,300,1,300,1,300,1
hotpotqa,bm25,13,clean,300,300,1,300,1,300,1
hotpotqa,bm25,13,poison,300,298,0.9933333333333333,300,1,300,1
hotpotqa,bm25,2026,clean,300,300,1,300,1,300,1
hotpotqa,bm25,2026,poison,300,300,1,300,1,300,1
hotpotqa,bm25,42,clean,300,300,1,300,1,300,1
hotpotqa,bm25,42,poison,300,296,0.9866666666666667,300,1,300,1
nq,bge_dense,13,clean,300,300,1,300,1,300,1
nq,bge_dense,13,poison,300,297,0.99,300,1,300,1
nq,bge_dense,2026,clean,300,300,1,300,1,300,1
nq,bge_dense,2026,poison,300,298,0.9933333333333333,300,1,300,1
nq,bge_dense,42,clean,300,300,1,300,1,300,1
nq,bge_dense,42,poison,300,297,0.99,300,1,300,1
nq,bm25,13,clean,300,300,1,300,1,300,1
nq,bm25,13,poison,300,288,0.96,300,1,300,1
nq,bm25,2026,clean,300,300,1,300,1,300,1
nq,bm25,2026,poison,300,291,0.97,300,1,300,1
nq,bm25,42,clean,300,300,1,300,1,300,1
nq,bm25,42,poison,300,293,0.9766666666666667,300,1,300,1
