dataset,retriever,attack_seed,corpus,queries,p_ret_gate_inputs,p_gen_gate_inputs,p_gen_input_ratio_vs_p_ret,shared_inputs,p_gen_inputs_found_in_p_ret_rate,shared_decision_agreement_rate,shared_poison_inputs,p_ret_tpr_on_shared_candidates,p_gen_tpr_on_shared_candidates,shared_clean_inputs,p_ret_fpr_on_shared_candidates,p_gen_fpr_on_shared_candidates
hotpotqa,bge_dense,13,clean,300,15000,1946,0.12973333333333334,1946,1,1,0,,,1946,0.22918807810894143,0.22918807810894143
hotpotqa,bge_dense,13,poison,300,15000,3383,0.22553333333333334,3383,1,1,1472,0.9748641304347826,0.9748641304347826,1911,0.23443223443223443,0.23443223443223443
hotpotqa,bge_dense,2026,clean,300,15000,1946,0.12973333333333334,1946,1,1,0,,,1946,0.22918807810894143,0.22918807810894143
hotpotqa,bge_dense,2026,poison,300,15000,3378,0.2252,3378,1,1,1498,0.9579439252336449,0.9579439252336449,1880,0.23563829787234042,0.23563829787234042
hotpotqa,bge_dense,42,clean,300,15000,1946,0.12973333333333334,1946,1,1,0,,,1946,0.22918807810894143,0.22918807810894143
hotpotqa,bge_dense,42,poison,300,15000,3390,0.226,3390,1,1,1485,0.9696969696969697,0.9696969696969697,1905,0.23622047244094488,0.23622047244094488
hotpotqa,bm25,13,clean,300,15000,1868,0.12453333333333333,1868,1,1,0,,,1868,0.19700214132762311,0.19700214132762311
hotpotqa,bm25,13,poison,300,15000,3356,0.22373333333333334,3356,1,1,1534,0.9713168187744459,0.9713168187744459,1822,0.20087815587266739,0.20087815587266739
hotpotqa,bm25,2026,clean,300,15000,1868,0.12453333333333333,1868,1,1,0,,,1868,0.19700214132762311,0.19700214132762311
hotpotqa,bm25,2026,poison,300,15000,3360,0.224,3360,1,1,1551,0.9638942617666022,0.9638942617666022,1809,0.2017689331122167,0.2017689331122167
hotpotqa,bm25,42,clean,300,15000,1868,0.12453333333333333,1868,1,1,0,,,1868,0.19700214132762311,0.19700214132762311
hotpotqa,bm25,42,poison,300,15000,3365,0.22433333333333333,3365,1,1,1545,0.970873786407767,0.970873786407767,1820,0.20054945054945056,0.20054945054945056
nq,bge_dense,13,clean,300,15000,1652,0.11013333333333333,1652,1,1,0,,,1652,0.09200968523002422,0.09200968523002422
nq,bge_dense,13,poison,300,15000,1717,0.11446666666666666,1717,1,1,502,0.199203187250996,0.199203187250996,1215,0.0962962962962963,0.0962962962962963
nq,bge_dense,2026,clean,300,15000,1652,0.11013333333333333,1652,1,1,0,,,1652,0.09200968523002422,0.09200968523002422
nq,bge_dense,2026,poison,300,15000,1731,0.1154,1731,1,1,528,0.19886363636363635,0.19886363636363635,1203,0.10473815461346633,0.10473815461346633
nq,bge_dense,42,clean,300,15000,1652,0.11013333333333333,1652,1,1,0,,,1652,0.09200968523002422,0.09200968523002422
nq,bge_dense,42,poison,300,15000,1733,0.11553333333333334,1733,1,1,594,0.21043771043771045,0.21043771043771045,1139,0.09482001755926252,0.09482001755926252
nq,bm25,13,clean,300,15000,1647,0.1098,1647,1,1,0,,,1647,0.08925318761384335,0.08925318761384335
nq,bm25,13,poison,300,15000,1737,0.1158,1737,1,1,867,0.17301038062283736,0.17301038062283736,870,0.1,0.1
nq,bm25,2026,clean,300,15000,1647,0.1098,1647,1,1,0,,,1647,0.08925318761384335,0.08925318761384335
nq,bm25,2026,poison,300,15000,1736,0.11573333333333333,1736,1,1,879,0.16496018202502843,0.16496018202502843,857,0.10618436406067679,0.10618436406067679
nq,bm25,42,clean,300,15000,1647,0.1098,1647,1,1,0,,,1647,0.08925318761384335,0.08925318761384335
nq,bm25,42,poison,300,15000,1709,0.11393333333333333,1709,1,1,925,0.14054054054054055,0.14054054054054055,784,0.10076530612244898,0.10076530612244898
